{"matchCount": 1, "correctCount": 1, "accuracy": 1.0, "fitness": 1.0, "numerosity": 1, "lastGAIteration": 0, "birthIteration": 1, "aveMatchSetSize": 0.0, "rules": {"centres": [-6.11227973879, 0.28586438535, -6.34930987115, 0.296389562215, "#", "#", "#", 0.293050719874, -7.79307720814, 0.296782224398, -8.10052237842, 0.273456869767, -8.24656565408, 0.297158130422, -8.36436336859, 0.310113208013, -8.61184690693, 0.287443357233, "#", 0.294370009228, -8.90588866314, 0.265629966641, -8.94399743933, 0.26474183173, -9.12676557876, 0.24299781931, -9.32429017485, "#", -9.4304080837, 0.231429820086, -9.36484377014, 0.211071571028, -9.39074323856, "#", -9.59046521954, 0.19090714826, "#", "#", -9.78529024468, "#", "#", 0.154693587648, -10.0011577196, 0.16071448821, "#", 0.151180587124, -10.0384575307, 0.15482047985, -10.0380761207, 0.142712948055, "#", "#", -10.2662838782, "#", "#", 0.134591769348, -10.4187916058, "#", -10.4978486308, 0.119106424518, -10.544383696, 0.100303350174, -10.5340393909, "#", -10.57778298, "#", -10.6280873617, "#", -10.6529394945, "#", -10.6686085315, 0.08283201936, -10.6716016884, 0.0763589796607, -10.6810447768, 0.0772071869861, -10.7018764673, "#", -11.0639295168, 0.0754613653902], "ranges": [0.6112279738790001, 0.028586438535000005, 0.6349309871150001, 0.029638956221500003, "#", "#", "#", 0.0293050719874, 0.779307720814, 0.029678222439800003, 0.810052237842, 0.027345686976700003, 0.824656565408, 0.0297158130422, 0.8364363368590001, 0.031011320801300004, 0.861184690693, 0.028744335723300003, "#", 0.0294370009228, 0.8905888663140001, 0.026562996664100003, 0.894399743933, 0.026474183173, 0.9126765578760001, 0.024299781931000002, 0.9324290174850001, "#", 0.94304080837, 0.023142982008600002, 0.9364843770140001, 0.021107157102800003, 0.9390743238560001, "#", 0.9590465219540001, 0.019090714826, "#", "#", 0.978529024468, "#", "#", 0.015469358764800002, 1.00011577196, 0.016071448821000003, "#", 0.015118058712400002, 1.00384575307, 0.015482047985, 1.00380761207, 0.014271294805500002, "#", "#", 1.02662838782, "#", "#", 0.0134591769348, 1.04187916058, "#", 1.04978486308, 0.011910642451800001, 1.0544383696000001, 0.0100303350174, 1.05340393909, "#", 1.0577782980000001, "#", 1.06280873617, "#", 1.06529394945, "#", 1.0668608531500001, 0.008283201936, 1.0671601688399999, 0.007635897966070001, 1.0681044776800002, 0.007720718698610001, 1.07018764673, "#", 1.10639295168, 0.007546136539020001]}, "outcome": "office\n"}
